{
  "hosting": [
    {
      "target": "firebae-demo",
      "public": "dist/firebae-demo",
      "ignore": [
        "**/.*"
      ],
      "headers": [
        {
          "source": "*.[0-9a-f][0-9a-f][0-9a-f][0-9a-f][0-9a-f][0-9a-f][0-9a-f][0-9a-f][0-9a-f][0-9a-f][0-9a-f][0-9a-f][0-9a-f][0-9a-f][0-9a-f][0-9a-f][0-9a-f][0-9a-f][0-9a-f][0-9a-f].+(css|js)",
          "headers": [
            {
              "key": "Cache-Control",
              "value": "public,max-age=31536000,immutable"
            }
          ]
        }
      ],
      "rewrites": [
        {
          "source": "**",
          "destination": "/index.html"
        }
      ]
    }
  ]
}